,mae,mae_np,skill
0,0.20995060709576047,0.4120988953182536,0.49053343874260835
